<!-- -*- mode: XML -*- -->
<launch>
    <arg name="mux_output_topic" default="ackermann_cmd" />
    <arg name="vesc_config" default="$(find mushr_sim)/config/vesc.yaml" />
    <arg name="car_name" default="car" />

    <rosparam file="$(arg vesc_config)" command="load" />

    <node pkg="vesc_ackermann" type="ackermann_to_vesc_node" name="ackermann_to_vesc">
        <!-- Remap to make mux control work with the VESC -->
        <remap from="ackermann_cmd" to="$(arg mux_output_topic)" />

        <!-- Remap to make vesc have trapezoidal control on the throttle to avoid skipping -->
        <remap from="commands/motor/speed" to="commands/motor/unsmoothed_speed" />

        <!-- Remap to make vesc have trapezoidal control on the servo to avoid incorrect odometry and damange -->
        <remap from="commands/servo/position" to="commands/servo/unsmoothed_position" />
    </node>

    <node pkg="mushr_sim" type="fake_vesc_driver_node" name="vesc_driver" />
    <node pkg="vesc_driver" name="throttle_interpolator" type="throttle_interpolator" >
        <param name="car_name" value="$(arg car_name)" />
    </node>
</launch>
